Sekvenca;Model aminokiselina;Model dipeptida;Model tripeptida;Model ansambla;Model glasovanja;Model prosjeka;Metoda bez RNN-a;Broj metoda koje se poklapaju s metodom bez RNN-a
FFLYY;Y;N;N;N;N;Y;Y;1
FFLYYKK;Y;Y;Y;N;Y;Y;Y;5
FNYFLQYYGYQNTG;Y;Y;Y;Y;Y;Y;Y;6
FYFQYY;Y;Y;N;N;Y;Y;Y;4
FYFQYYKK;Y;Y;Y;N;Y;Y;Y;5
FYFYY;Y;Y;N;N;Y;Y;Y;4
KYFFLY;Y;Y;N;N;Y;Y;Y;4
KYFFLYKK;Y;Y;Y;N;Y;Y;Y;5
KYFFQY;Y;Y;N;N;Y;Y;N;2
KYFLFFYY;Y;Y;Y;Y;Y;Y;Y;6
KYFLFFYYKK;Y;Y;Y;Y;Y;Y;Y;6
KYFLFFYYRR;Y;Y;Y;Y;Y;Y;Y;6
KYFNYQGQY;Y;Y;Y;Y;Y;Y;N;0
KYFNYQGQYKK;Y;Y;Y;Y;Y;Y;N;0
KYLFFQTY;Y;Y;Y;N;Y;Y;Y;5
NQYYQN;Y;Y;Y;N;Y;Y;N;1
NYQGQY;Y;Y;Y;N;Y;Y;N;1
YFLQY;Y;Y;N;N;Y;Y;N;2
YYLFF;Y;Y;N;N;Y;Y;Y;4
YYLFFKK;Y;Y;Y;N;Y;Y;Y;5
YYLFFNYQGQTNGY;Y;Y;Y;Y;Y;Y;Y;6
YYNQQNY;Y;Y;Y;N;Y;Y;N;1
Broj poklapanja s metodom bez RNN-a po metodi;15;14;12;10;14;14;;
